{"Q_forsearch_2_distribution_lkl_hessian":{"bins":[-0.06039414182305336,-0.058471981436014175,-0.05654982477426529,-0.054627664387226105,-0.05270550400018692,-0.050783343613147736,-0.04886118695139885,-0.046939026564359665,-0.04501686990261078,-0.043094709515571594,-0.04117254912853241,-0.039250388741493225,-0.03732823207974434,-0.035406071692705154,-0.03348391503095627,-0.031561754643917084,-0.0296395942568779,-0.027717433869838715,-0.02579527720808983,-0.023873116821050644,-0.02195095643401146,-0.020028799772262573,-0.01810663938522339,-0.016184478998184204,-0.014262322336435318,-0.012340161949396133,-0.010418001562356949,-0.008495841175317764,-0.006573684513568878,-0.004651524126529694,-0.002729363739490509,-0.0008072070777416229,0.0011149533092975616,0.003037113696336746,0.004959274083375931,0.006881434470415115,0.008803587406873703,0.010725747793912888,0.012647908180952072,0.014570068567991257,0.01649222895503044,0.018414389342069626,0.020336542278528214,0.022258702665567398,0.024180863052606583,0.026103023439645767,0.028025183826684952,0.029947344213724136,0.031869497150182724,0.03379165753722191,0.03571381792426109,0.03763597831130028,0.03955813869833946,0.04148029908537865,0.04340245947241783,0.04532461240887642,0.047246772795915604,0.04916893318295479,0.05109109356999397,0.05301325395703316,0.05493541434407234,0.05685756728053093,0.058779727667570114,0.0607018880546093,0.06262405216693878],"_type":"histogram","values":[26,0,0,0,0,0,0,0,0,18,0,26,0,58,155,73,849,5128,18730,34775,32329,15184,4039,590,75,733,7049,33442,58753,38998,10080,2472,12510,44120,57685,27683,6228,483,83,675,4613,18190,34253,33396,15157,4456,936,81,50,54,0,25,0,0,0,0,0,0,0,0,0,0,0,28]},"Q_forsearch_1_std_lkl_hessian":0.014007394202053547,"Q_forsearch_2_std_lkl_hessian":0.015234394930303097,"tmp_mean_lkl_hessian":3.187560650985688e-05,"target_weights_distribution_lkl_hessian":{"bins":[8.494171332425844e-16,0.001762067317031324,0.003524134634062648,0.00528620183467865,0.007048269268125296,0.008810336701571941,0.0105724036693573,0.012334471568465233,0.014096538536250591,0.01585860550403595,0.017620673403143883,0.019382741302251816,0.0211448073387146,0.022906875237822533,0.024668943136930466,0.02643100917339325,0.028193077072501183,0.029955144971609116,0.0317172110080719,0.03347928076982498,0.035241346806287766,0.03700341284275055,0.03876548260450363,0.040527548640966415,0.0422896146774292,0.04405168443918228,0.045813750475645065,0.04757581651210785,0.04933788627386093,0.051099952310323715,0.0528620183467865,0.05462408810853958,0.056386154145002365,0.05814822018146515,0.05991028994321823,0.061672355979681015,0.0634344220161438,0.06519649177789688,0.06695856153964996,0.06872062385082245,0.07048269361257553,0.07224476337432861,0.0740068256855011,0.07576889544725418,0.07753096520900726,0.07929302752017975,0.08105509728193283,0.08281716704368591,0.0845792293548584,0.08634129911661148,0.08810336887836456,0.08986543118953705,0.09162750095129013,0.09338957071304321,0.0951516330242157,0.09691370278596878,0.09867577254772186,0.10043783485889435,0.10219990462064743,0.10396197438240051,0.105724036693573,0.10748610645532608,0.10924817621707916,0.11101023852825165,0.11277230829000473],"_type":"histogram","values":[522830,1331,91,13,7,2,2,2,1,0,1,1,1,0,1,0,0,0,0,0,0,0,1,1,0,0,0,0,0,0,0,1,0,0,0,0,0,0,0,0,0,0,0,0,1,0,0,0,0,0,0,0,0,0,0,0,0,0,0,0,0,0,0,1]},"target_weights_mean_lkl_hessian":7.955459295772016e-05,"tmp_std_lkl_hessian":0.017500046640634537,"Q_forsearch_1_distribution_lkl_hessian":{"bins":[-0.037615709006786346,-0.036386165767908096,-0.03515661880373955,-0.0339270755648613,-0.03269752860069275,-0.0314679853618145,-0.03023843839764595,-0.0290088951587677,-0.02777934819459915,-0.0265498049557209,-0.025320257991552353,-0.024090714752674103,-0.022861169651150703,-0.021631624549627304,-0.020402079448103905,-0.019172534346580505,-0.017942989245057106,-0.016713444143533707,-0.015483899042010307,-0.014254353940486908,-0.013024808838963509,-0.01179526373744011,-0.01056571863591671,-0.00933617353439331,-0.00810663029551506,-0.006877085193991661,-0.005647540092468262,-0.004417993128299713,-0.003188449889421463,-0.0019589029252529144,-0.0007293596863746643,0.0005001872777938843,0.0017297305166721344,0.0029592737555503845,0.004188820719718933,0.005418363958597183,0.006647910922765732,0.007877454161643982,0.00910700112581253,0.01033654436469078,0.01156609132885933,0.01279563456773758,0.014025181531906128,0.015254724770784378,0.016484271734952927,0.017713814973831177,0.018943361937999725,0.020172905176877975,0.021402448415756226,0.022631995379924774,0.023861538618803024,0.025091081857681274,0.026320628821849823,0.02755017578601837,0.02877972275018692,0.030009262263774872,0.03123880922794342,0.03246835619211197,0.03369790315628052,0.03492744266986847,0.03615698963403702,0.037386536598205566,0.038616083562374115,0.03984562307596207,0.041075170040130615],"_type":"histogram","values":[63,0,0,0,0,0,0,0,60,0,0,131,66,127,565,2881,10414,34036,60435,67248,50858,25233,7408,2081,255,0,0,67,0,0,0,0,0,0,0,130,193,1350,5203,20615,43689,67410,63058,38229,16666,4387,1168,0,65,0,132,0,0,0,0,0,0,0,0,0,0,0,0,65]},"_wandb":{"runtime":155},"tmp_distribution_lkl_hessian":{"_type":"histogram","values":[1,0,0,0,0,0,0,2,1,2,1,2,4,4,17,40,234,763,2212,6134,13968,26978,45528,64720,79457,83178,73989,55495,36444,19872,9426,3895,1349,413,104,32,9,3,2,0,2,1,0,1,0,1,0,0,0,0,2,0,0,0,1,0,0,0,0,0,0,0,0,1],"bins":[-0.17642168700695038,-0.16943620145320892,-0.16245070099830627,-0.15546521544456482,-0.14847972989082336,-0.1414942443370819,-0.13450874388217926,-0.1275232583284378,-0.12053776532411575,-0.1135522723197937,-0.10656678676605225,-0.0995812937617302,-0.09259580075740814,-0.08561031520366669,-0.07862482219934464,-0.07163933664560318,-0.06465384364128113,-0.057668350636959076,-0.050682857632637024,-0.04369737207889557,-0.036711886525154114,-0.029726386070251465,-0.02274090051651001,-0.015755414962768555,-0.008769914507865906,-0.0017844289541244507,0.005201056599617004,0.01218654215335846,0.01917204260826111,0.026157528162002563,0.03314301371574402,0.04012851417064667,0.04711399972438812,0.05409948527812958,0.06108498573303223,0.06807047128677368,0.07505597174167633,0.08204145729541779,0.08902694284915924,0.0960124284029007,0.10299791395664215,0.1099833995103836,0.11696891486644745,0.1239544004201889,0.13093988597393036,0.13792537152767181,0.14491085708141327,0.15189634263515472,0.15888185799121857,0.16586734354496002,0.17285282909870148,0.17983831465244293,0.1868238002061844,0.19380928575992584,0.2007947713136673,0.20778028666973114,0.2147657722234726,0.22175125777721405,0.2287367433309555,0.23572222888469696,0.24270771443843842,0.24969322979450226,0.2566787004470825,0.263664186000824,0.27064967155456543]},"_step":555,"_timestamp":1.736322082386168e+09,"Q_forsearch_1_mean_lkl_hessian":4.368154259282164e-05,"_runtime":141.484213333,"target_weights_std_lkl_hessian":0.0003070443344768137,"Q_forsearch_2_mean_lkl_hessian":2.6481106033315882e-05}